product_id,product_name,category,quantity,reorder_threshold,price,manufacturer,date_added
1,"Tortillas - Flour, 8",Automotive,54,3,13.36,Fanoodle,2023-06-13
2,Tuna - Yellowfin,Grocery,74,6,8.43,Skippad,2023-06-15
3,Tamarind Paste,Electronics,23,10,12.54,Abata,2023-11-03
4,Mint - Fresh,Home,75,8,43.02,Ntags,2023-09-29
5,"Beef - Baby, Liver",Baby,59,8,41.14,Kayveo,2023-07-24
6,Water - Tonic,Health,12,8,35.77,Jabbercube,2023-08-16
7,Ecolab - Solid Fusion,Jewelry,38,10,5.13,Skyble,2023-09-11
8,Table Cloth 62x120 Colour,Sports,63,2,40.4,Thoughtstorm,2023-07-16
9,Glucose,Garden,78,6,39.18,Innojam,2023-08-26
10,Coriander - Seed,Sports,30,9,10.58,Jayo,2023-09-15
11,"Stock - Veal, Brown",Automotive,28,4,6.96,Dabvine,2023-11-03
12,Glucose,Grocery,45,3,11.07,Rhyloo,2023-09-29
13,Sobe - Orange Carrot,Outdoors,27,7,20.48,Trilith,2023-09-04
14,Cookie Chocolate Chip With,Toys,35,10,8.23,Mymm,2023-08-02
15,Zucchini - Yellow,Baby,26,2,5.32,Jetwire,2023-11-21
16,Muffin Mix - Carrot,Games,39,1,29.78,Yodo,2023-08-23
17,Hipnotiq Liquor,Automotive,16,5,11.56,Topicblab,2023-07-21
18,Basil - Seedlings Cookstown,Movies,47,6,30.96,Blogpad,2023-11-30
19,Anisette - Mcguiness,Music,51,1,38.45,Gevee,2023-06-23
20,Wine - Bouchard La Vignee Pinot,Garden,80,7,22.45,Trunyx,2023-06-23
21,"Wine - Red, Marechal Foch",Automotive,65,6,0.45,Brainbox,2023-07-18
22,Pickle - Dill,Automotive,95,10,25.59,Youbridge,2023-07-26
23,Squid - U - 10 Thailand,Automotive,33,5,40.41,Youspan,2023-11-29
24,"Clams - Littleneck, Whole",Kids,45,6,22,Tagpad,2023-12-01
25,Raisin - Dark,Books,37,10,2.83,Skyble,2023-07-25
26,Syrup - Chocolate,Books,47,9,28.63,Oyoyo,2023-08-08
27,"Pork - Loin, Center Cut",Beauty,65,9,43.96,Trunyx,2023-07-31
28,Chocolate - Mi - Amere Semi,Electronics,31,9,2.41,Avamba,2023-10-01
29,Hot Choc Vending,Sports,31,1,21.31,Edgewire,2023-07-08
30,Foam Cup 6 Oz,Beauty,44,3,48.78,Nlounge,2023-11-08
31,Bread - Hot Dog Buns,Kids,65,7,17.69,Skaboo,2023-11-28
32,Chicken Giblets,Jewelry,82,8,22.11,Divavu,2023-08-24
33,Bagel - Plain,Toys,49,9,11.19,Skivee,2023-08-29
34,Ecolab Crystal Fusion,Industrial,68,8,46.93,Thoughtstorm,2023-06-07
35,Durian Fruit,Beauty,33,8,23.7,Shuffletag,2023-09-29
36,Tahini Paste,Clothing,38,1,49.42,Kazio,2023-06-19
37,Tuna - Yellowfin,Movies,21,2,4.48,Trilith,2023-09-12
38,Yeast Dry - Fleischman,Books,76,5,22.46,Divanoodle,2023-08-30
39,Wine - Two Oceans Sauvignon,Jewelry,12,4,23.7,Skilith,2023-07-21
40,Bread - Italian Sesame Poly,Computers,13,5,6.1,Jabberstorm,2023-08-20
41,Bay Leaf Ground,Automotive,92,9,12.87,Shufflebeat,2023-07-21
42,"Pasta - Elbows, Macaroni, Dry",Jewelry,62,6,33.43,Vimbo,2023-07-18
43,"Tart Shells - Barquettes, Savory",Electronics,73,9,30.02,Ooba,2023-08-22
44,Gatorade - Lemon Lime,Jewelry,5,2,15.1,Wikizz,2023-11-22
45,Milk - 1%,Music,91,10,11.37,Ntag,2023-11-02
46,"Pasta - Fettuccine, Dry",Grocery,60,3,49.39,Ainyx,2023-09-25
47,"Tendrils - Baby Pea, Organic",Baby,24,1,33.84,Yodo,2023-11-12
48,Shopper Bag - S - 4,Garden,58,8,32.65,Meevee,2023-06-03
49,Wine - Sicilia Igt Nero Avola,Baby,87,2,29.54,Tambee,2023-11-08
50,Bread - Corn Muffaleta Onion,Kids,100,8,46.05,Zoonoodle,2023-11-19
51,Asparagus - Frozen,Sports,69,6,7.83,Viva,2023-09-11
52,Lamb - Bones,Toys,16,7,36.54,Katz,2023-07-07
53,Appetizer - Cheese Bites,Home,66,7,46.96,Omba,2023-11-26
54,Ginger - Ground,Outdoors,98,1,11.37,Zoonoodle,2023-09-14
55,Veal - Loin,Games,25,6,28.22,Flashset,2023-10-18
56,"Mushroom - Shitake, Fresh",Clothing,12,2,10.28,Einti,2023-06-16
57,"Doilies - 12, Paper",Outdoors,43,10,46.84,Aibox,2023-06-30
58,Broccoli - Fresh,Clothing,99,8,25.66,Bubblemix,2023-10-29
59,"Brandy - Orange, Mc Guiness",Outdoors,35,7,28.59,Skinix,2023-12-04
60,"Juice - Apple, 500 Ml",Industrial,81,4,11.29,Aivee,2023-06-14
61,Cheese - Asiago,Computers,24,1,21.64,Skynoodle,2023-08-13
62,Mussels - Frozen,Grocery,27,5,31.39,Twimm,2023-11-01
63,Relish,Automotive,88,1,33,Quamba,2023-09-01
64,Sweet Pea Sprouts,Baby,6,8,37.56,Livetube,2023-11-15
65,Veal - Striploin,Home,56,3,36.92,Skalith,2023-09-07
66,Mix - Cappucino Cocktail,Books,9,9,17.93,Lajo,2023-06-12
67,Liqueur - Melon,Home,79,5,41.09,Thoughtbridge,2023-09-30
68,Parasol Pick Stir Stick,Health,63,9,18.62,Wikibox,2023-06-18
69,Wanton Wrap,Electronics,42,8,27.2,Twitterworks,2023-09-09
70,Chocolate Bar - Reese Pieces,Kids,54,9,20.17,Topdrive,2023-10-01
71,Curry Powder,Games,27,8,5.58,Roomm,2023-08-02
72,Radish,Automotive,47,6,14.85,Shuffledrive,2023-07-21
73,Glass - Juice Clear 5oz 55005,Kids,78,7,20.24,Katz,2023-10-22
74,Wine - Alsace Gewurztraminer,Music,85,9,8.57,Skimia,2023-07-01
75,Sausage - Andouille,Sports,23,7,0.83,Zoomlounge,2023-12-01
76,Cherries - Fresh,Shoes,40,8,36.86,Teklist,2023-11-09
77,Juice - Propel Sport,Automotive,62,7,40.16,Bubbletube,2023-07-24
78,Cinnamon - Stick,Automotive,47,10,42.41,Jaxspan,2023-10-07
79,"Sauce - Gravy, Au Jus, Mix",Clothing,80,7,21.58,Brightdog,2023-07-04
80,Carbonated Water - Blackberry,Jewelry,18,9,1.44,Blogpad,2023-11-18
81,Appetizer - Chicken Satay,Health,56,9,18.54,Reallinks,2023-07-17
82,"Dill - Primerba, Paste",Computers,78,8,19.28,Devshare,2023-07-01
83,"Pesto - Primerba, Paste",Industrial,8,6,7.26,Skiptube,2023-07-24
84,Tia Maria,Garden,88,9,24.7,Wikizz,2023-07-07
85,"Liners - Banana, Paper",Music,10,1,27.59,Yakitri,2023-11-28
86,"Nut - Pistachio, Shelled",Clothing,26,5,27.78,Oyondu,2023-09-10
87,Plasticforkblack,Beauty,20,2,13.27,Ntag,2023-08-05
88,Cake - Mini Potato Pancake,Sports,84,6,39.72,Shuffledrive,2023-08-08
89,Flour - Chickpea,Sports,38,8,0.34,Twiyo,2023-11-17
90,Flower - Daisies,Health,21,6,35.96,Buzzster,2023-07-05
91,Pie Filling - Cherry,Garden,39,2,43.06,Skimia,2023-12-04
92,Pork Loin Cutlets,Toys,44,3,30.27,Jatri,2023-09-07
93,"Chilli Paste, Hot Sambal Oelek",Computers,3,1,38.47,Youspan,2023-12-03
94,Wine - Magnotta - Pinot Gris Sr,Electronics,15,4,36.39,Buzzbean,2023-07-28
95,Cheese - Gorgonzola,Baby,54,1,45.83,Mymm,2023-10-05
96,Aromat Spice / Seasoning,Movies,68,10,8.27,Tagfeed,2023-08-20
97,"Red Snapper - Fresh, Whole",Sports,89,7,28.41,Flipstorm,2023-06-09
98,"Tortillas - Flour, 12",Shoes,83,1,23.36,Rhycero,2023-09-19
99,Kumquat,Baby,65,1,24.53,Devcast,2023-08-15
100,"Soup - Campbells, Butternut",Kids,53,1,1.76,Quatz,2023-12-03
101,Sour Puss Sour Apple,Outdoors,11,6,2.65,Livefish,2023-09-10
102,Longos - Grilled Veg Sandwiches,Computers,59,6,44.96,Flashpoint,2023-08-21
103,Island Oasis - Sweet And Sour Mix,Toys,79,3,14.35,Bubblebox,2023-07-11
104,Nescafe - Frothy French Vanilla,Industrial,91,6,22.85,Gigaclub,2023-11-13
105,Muffin - Mix - Mango Sour Cherry,Health,99,3,0.89,Kimia,2023-09-21
106,Scampi Tail,Automotive,14,7,30.82,Mynte,2023-07-03
107,Tuna - Sushi Grade,Automotive,72,2,20.95,Feedbug,2023-09-28
108,Muffin Mix - Carrot,Books,90,2,18.15,Edgetag,2023-12-02
109,Limes,Industrial,7,7,18,Skimia,2023-12-01
110,Pork - Ground,Movies,37,1,39.43,Skalith,2023-07-25
111,"Pineapple - Canned, Rings",Games,41,1,14.16,Twimbo,2023-10-26
112,"Lemonade - Kiwi, 591 Ml",Books,68,9,38.21,Jamia,2023-10-27
113,Pimento - Canned,Grocery,22,2,31.64,Fadeo,2023-09-28
114,Carbonated Water - Wildberry,Automotive,49,9,49.01,Quamba,2023-08-25
115,Cake - Miini Cheesecake Cherry,Jewelry,65,2,20.03,Tekfly,2023-09-17
116,Wine - Valpolicella Masi,Electronics,31,10,10.27,Wordpedia,2023-10-30
117,Sherbet - Raspberry,Computers,48,9,36.27,Skipstorm,2023-09-23
118,Crab - Meat Combo,Toys,23,5,25.43,Eazzy,2023-06-17
119,Olives - Kalamata,Outdoors,89,1,37.38,Voonyx,2023-06-21
120,Cocoa Powder - Natural,Industrial,92,9,25.69,Abatz,2023-07-30
121,Pork - Ham Hocks - Smoked,Automotive,47,6,44.95,Twinder,2023-09-17
122,Tray - 16in Rnd Blk,Home,76,5,37.68,Babbleblab,2023-08-10
123,Pur Value,Kids,6,7,11.13,Browsedrive,2023-09-11
124,Cake Sheet Combo Party Pack,Garden,68,6,14.21,Cogibox,2023-06-07
125,Wine - George Duboeuf Rose,Outdoors,21,3,2.26,Yakitri,2023-11-29
126,Dried Figs,Movies,54,7,29.46,Skippad,2023-06-06
127,Sauce - Hoisin,Outdoors,32,6,35.75,Teklist,2023-12-01
128,Beer - Pilsner Urquell,Automotive,44,7,16.44,Feedfire,2023-10-18
129,Beef - Striploin Aa,Games,56,5,43.28,Teklist,2023-06-20
130,Pork - European Side Bacon,Music,44,4,14.39,Eabox,2023-07-23
131,Pastry - Baked Scones - Mini,Jewelry,68,2,1.75,Livetube,2023-11-04
132,"Club Soda - Schweppes, 355 Ml",Movies,17,9,9.59,Wikizz,2023-08-03
133,Bag Clear 10 Lb,Clothing,12,10,30.12,Oyoba,2023-10-31
134,Beef - Flank Steak,Books,69,8,7.32,Aimbo,2023-10-23
135,Juice - Apple 284ml,Music,42,3,1.75,Ntags,2023-07-22
136,"Pepper - Chipotle, Canned",Automotive,97,3,47.69,Snaptags,2023-07-19
137,"Pail - 15l White, With Handle",Music,2,6,1.64,Buzzdog,2023-10-28
138,Salmon Steak - Cohoe 8 Oz,Jewelry,78,2,31.14,Mynte,2023-10-07
139,Almonds Ground Blanched,Shoes,100,7,8.52,Tambee,2023-06-23
140,Coffee Cup 12oz 5342cd,Baby,57,1,24.74,Trudeo,2023-10-11
141,"Marsala - Sperone, Fine, D.o.c.",Tools,47,9,42.49,Ntags,2023-09-27
142,Sprouts - Corn,Books,81,10,49.99,Yabox,2023-07-17
143,Pork Loin Bine - In Frenched,Baby,38,7,5.33,Buzzster,2023-10-22
144,Soy Protein,Garden,77,1,28.91,Kwideo,2023-09-28
145,Phyllo Dough,Clothing,31,10,49.88,Nlounge,2023-10-27
146,Cheese - Swiss Sliced,Toys,47,10,22.56,Youtags,2023-07-16
147,"Beef - Tongue, Fresh",Grocery,30,8,4.21,Topicblab,2023-10-01
148,Bread - Hot Dog Buns,Electronics,45,8,4.96,Twimm,2023-06-24
149,Nantucket Orange Juice,Grocery,84,4,8.65,Plambee,2023-06-07
150,Table Cloth 62x114 Colour,Grocery,78,4,27.36,Skimia,2023-08-18
151,Glaze - Apricot,Health,82,7,20.98,Lazzy,2023-10-06
152,Lychee - Canned,Garden,62,3,45.85,Skibox,2023-08-27
153,Chocolate - Sugar Free Semi Choc,Beauty,61,7,45.61,Jatri,2023-11-14
154,Basil - Seedlings Cookstown,Computers,29,7,19.9,Tagfeed,2023-12-05
155,Taro Leaves,Jewelry,58,10,36.37,Tagchat,2023-09-26
156,Amarula Cream,Tools,68,5,23.8,Centidel,2023-12-03
157,Sandwich Wrap,Computers,40,6,22.81,Jayo,2023-10-10
158,Schnappes Peppermint - Walker,Music,73,8,23.21,Photojam,2023-10-09
159,Cheese - Colby,Home,72,6,4.65,Skipfire,2023-08-13
160,Cheese - Cream Cheese,Electronics,24,5,32.72,Centidel,2023-06-24
161,"Mushroom - Enoki, Fresh",Sports,77,8,20.29,Fivebridge,2023-07-05
162,Mace Ground,Toys,80,10,18.74,Devshare,2023-06-21
163,Chicken - Leg / Back Attach,Sports,67,4,18.67,DabZ,2023-11-25
164,Beans - Fine,Shoes,1,3,45.13,Meeveo,2023-07-23
165,Coffee - Cafe Moreno,Baby,13,7,38.07,Feedspan,2023-11-13
166,Tomatoes,Garden,14,7,4.75,Yombu,2023-11-19
167,"Bread - Crumbs, Bulk",Beauty,33,4,43.4,Abata,2023-10-19
168,"Juice - Orange, 341 Ml",Health,53,8,2.74,Dynabox,2023-10-20
169,"Mushroom - Enoki, Dry",Kids,90,2,47.44,Fivechat,2023-07-14
170,Pickle - Dill,Kids,39,7,8.92,Eamia,2023-08-14
171,Coffee Cup 8oz 5338cd,Beauty,92,1,5.88,Photofeed,2023-11-05
172,Grenadillo,Beauty,85,6,34.1,Zoomcast,2023-07-31
173,Cookies - Amaretto,Clothing,2,6,8.52,Meevee,2023-07-07
174,"Ecolab - Orange Frc, Cleaner",Jewelry,36,4,37.98,Wordpedia,2023-11-12
175,Wine - Casablanca Valley,Games,46,3,23.02,Zooxo,2023-07-01
176,Red Currants,Outdoors,62,1,46.58,Reallinks,2023-09-14
177,Cheese - Brie Roitelet,Games,26,4,31.32,Quire,2023-11-18
178,Beans - Wax,Toys,18,1,41.37,Oyonder,2023-07-01
179,Lid Tray - 12in Dome,Electronics,91,2,38.54,Skiba,2023-08-03
180,Veal - Sweetbread,Sports,7,4,1.74,Gigabox,2023-06-27
181,Dc Hikiage Hira Huba,Computers,38,3,21.78,Skyvu,2023-11-26
182,Cup - Translucent 7 Oz Clear,Kids,45,2,31.57,Fliptune,2023-10-18
183,Cleaner - Comet,Automotive,58,8,44.51,Babbleset,2023-06-11
184,"Chocolate - Semi Sweet, Calets",Music,1,9,32.46,Myworks,2023-11-30
185,Bag - Regular Kraft 20 Lb,Music,4,3,20.73,Yozio,2023-12-02
186,Coffee - Frthy Coffee Crisp,Computers,6,4,12.65,Yakitri,2023-12-05
187,Blueberries,Industrial,23,4,3.27,Edgeblab,2023-10-15
188,Pepper - Roasted Red,Grocery,99,7,10.79,Rhyloo,2023-11-15
189,Pate Pans Yellow,Jewelry,52,7,1.99,Jabbercube,2023-06-11
190,Pepper - Red Chili,Toys,6,7,22.91,Mymm,2023-07-07
191,Gelatine Leaves - Bulk,Outdoors,48,5,29.17,Oozz,2023-06-17
192,Cassis,Toys,42,6,5.54,Jabberstorm,2023-06-02
193,Cheese - Fontina,Movies,42,6,0.9,Einti,2023-10-06
194,Arrowroot,Sports,81,3,12.83,Twitterlist,2023-06-04
195,Sesame Seed Black,Toys,50,8,26.61,Gigashots,2023-11-06
196,Yoghurt Tubes,Sports,11,9,34.65,Jetpulse,2023-11-17
197,"Tuna - Canned, Flaked, Light",Electronics,70,4,14.73,Eabox,2023-10-18
198,Cookie Dough - Chocolate Chip,Computers,17,2,6.7,Devpulse,2023-07-30
199,Buffalo - Tenderloin,Baby,43,7,48.03,Skyba,2023-06-16
200,Soup Campbells - Italian Wedding,Movies,57,2,49.11,Izio,2023-07-04
201,Bread - Calabrese Baguette,Jewelry,60,9,16.75,Eimbee,2023-09-24
202,Pepper - Green,Automotive,9,4,18.09,Podcat,2023-07-10
203,Langers - Ruby Red Grapfruit,Automotive,42,3,13.01,Wikizz,2023-10-27
204,Butter - Salted,Outdoors,93,4,45.26,Ooba,2023-07-04
205,Wasabi Powder,Books,6,3,48.4,Oyoloo,2023-07-01
206,Orange Roughy 4/6 Oz,Movies,52,10,20.05,Fatz,2023-08-31
207,Beans - Fine,Clothing,83,10,34.77,Skimia,2023-08-12
208,Wine - Alsace Riesling Reserve,Grocery,55,3,32.34,Youspan,2023-06-27
209,Wine - Shiraz Wolf Blass Premium,Computers,66,3,45.29,Divanoodle,2023-11-20
210,Apricots - Halves,Electronics,67,3,31.77,Skidoo,2023-11-25
211,"Flour - Bran, Red",Garden,43,1,18.39,Topicshots,2023-11-05
212,Island Oasis - Pina Colada,Baby,3,3,5.83,Meevee,2023-06-21
213,"Potatoes - Instant, Mashed",Music,71,8,45.35,Oba,2023-07-16
214,Tomatoes - Heirloom,Clothing,58,1,9.74,Skidoo,2023-08-26
215,Cup - Paper 10oz 92959,Home,30,7,6.02,Tagcat,2023-06-06
216,Wine - Ej Gallo Sierra Valley,Games,28,10,16.44,Gabtype,2023-07-17
217,Kahlua,Kids,53,4,32.41,Mynte,2023-09-12
218,Bouillion - Fish,Grocery,66,5,4.05,Youtags,2023-07-17
219,Bar Mix - Lemon,Baby,94,7,16.64,Yakijo,2023-10-21
220,Shiratamako - Rice Flour,Shoes,76,2,18.22,Yabox,2023-09-19
221,Appetizer - Lobster Phyllo Roll,Tools,46,10,38.96,Quamba,2023-11-23
222,Wine - Magnotta - Cab Sauv,Health,53,10,28.35,Kwideo,2023-07-14
223,Creme De Menthe Green,Automotive,47,4,14.26,Oyoloo,2023-11-08
224,Smoked Paprika,Beauty,92,1,11.06,Gabvine,2023-11-11
225,"Club Soda - Schweppes, 355 Ml",Books,4,7,39.42,Mycat,2023-10-31
226,Pasta - Cheese / Spinach Bauletti,Garden,39,6,36.39,Teklist,2023-08-28
227,Bouillion - Fish,Baby,88,9,46.85,Shuffledrive,2023-10-15
228,Bread - Pain Au Liat X12,Games,72,3,31.82,Oozz,2023-10-04
229,"Juice - Tomato, 48 Oz",Health,51,3,48.18,Innotype,2023-06-13
230,Beans - Soya Bean,Kids,94,6,42.67,Zoomlounge,2023-06-16
231,Ecolab Crystal Fusion,Kids,9,10,49.37,Gabvine,2023-06-29
232,Cassis,Outdoors,53,9,16,Kaymbo,2023-09-04
233,Oranges,Automotive,99,9,34.96,Dabtype,2023-06-20
234,Puree - Raspberry,Computers,88,3,9.78,LiveZ,2023-08-16
235,"Ranchero - Primerba, Paste",Kids,23,2,44.19,Trudeo,2023-11-27
236,Onions - Cooking,Electronics,3,3,0.97,Vidoo,2023-07-15
237,Bread - Corn Muffaletta,Computers,17,10,48.24,Voomm,2023-11-27
238,Cheese - Mozzarella,Home,77,2,23.85,Mycat,2023-06-04
239,Green Tea Refresher,Grocery,97,7,46,Meembee,2023-11-10
240,Creamers - 10%,Home,32,9,28.66,Dabshots,2023-06-11
241,Coffee - Irish Cream,Grocery,61,3,29.88,Devpoint,2023-08-24
242,Dill Weed - Dry,Music,79,2,26.87,Kayveo,2023-10-10
243,Wooden Mop Handle,Books,14,4,40.89,Kwideo,2023-10-01
244,Tarragon - Fresh,Jewelry,3,10,22.92,Yata,2023-11-05
245,Chocolate - Dark Callets,Baby,62,9,29.24,Demivee,2023-06-20
246,Energy Drink Bawls,Music,10,8,42.63,Pixoboo,2023-09-24
247,Sprouts - Bean,Toys,85,5,17.52,Oyondu,2023-07-09
248,Tamarind Paste,Games,72,4,1.74,Linktype,2023-09-26
249,Wine - Acient Coast Caberne,Industrial,94,8,21.22,Dablist,2023-09-30
250,Veal - Inside,Home,56,4,3.2,Snaptags,2023-08-14
251,Bread - Hamburger Buns,Health,86,4,29.46,Ntags,2023-11-28
252,Broom - Push,Music,95,6,33.67,Tanoodle,2023-10-30
253,Pork Loin Cutlets,Electronics,37,5,11.98,Lazz,2023-08-14
254,"Lettuce - Romaine, Heart",Shoes,14,9,36.01,Babbleset,2023-08-26
255,Beef - Inside Round,Books,21,5,23.3,Kwimbee,2023-11-21
256,Spice - Onion Powder Granulated,Beauty,1,2,33.22,Wikizz,2023-09-14
257,Veal - Insides Provini,Sports,27,5,8.19,Roomm,2023-08-15
258,Lobak,Industrial,27,3,32.23,Shuffledrive,2023-10-15
259,Plate Foam Laminated 9in Blk,Jewelry,34,3,16.84,Dabvine,2023-10-26
260,Kiwi,Games,5,5,25.01,Dabjam,2023-10-30
261,Wine - Shiraz Wolf Blass Premium,Outdoors,56,10,15.57,Yacero,2023-08-16
262,Whmis Spray Bottle Graduated,Grocery,3,6,29.5,Realbridge,2023-07-06
263,Cake - Cheese Cake 9 Inch,Electronics,63,8,7.82,Youspan,2023-07-20
264,Sauce - Sesame Thai Dressing,Computers,46,8,20.8,Innotype,2023-09-08
265,Cardamon Ground,Outdoors,44,2,29.57,Fadeo,2023-11-24
266,Wine - White Cab Sauv.on,Computers,95,1,35.63,Brightdog,2023-06-10
267,V8 - Tropical Blend,Jewelry,62,3,26.86,Blogtag,2023-10-12
268,Ginger - Crystalized,Jewelry,11,4,28.49,Jabbertype,2023-08-29
269,Yokaline,Industrial,15,1,36.63,Yozio,2023-08-13
270,Sobe - Cranberry Grapefruit,Clothing,30,3,45.15,Oozz,2023-09-28
271,Compound - Strawberry,Toys,50,9,48.07,Brightbean,2023-11-04
272,The Pop Shoppe Pinapple,Electronics,36,3,19.26,Kwideo,2023-09-21
273,Soup - Campbells Chicken,Home,53,9,17.23,Yamia,2023-06-23
274,Strawberries,Outdoors,19,3,40.25,Quamba,2023-06-30
275,Tuna - Salad Premix,Grocery,27,9,22.25,Ntags,2023-07-14
276,Pepper - Pablano,Movies,62,2,35.37,Browsezoom,2023-09-07
277,"Yogurt - Banana, 175 Gr",Toys,22,6,1.49,Mudo,2023-06-28
278,Wine - Rosso Toscano Igt,Toys,25,4,10.4,Zoozzy,2023-09-22
279,Shichimi Togarashi Peppeers,Industrial,59,4,29.68,Linktype,2023-07-16
280,Appetizer - Shrimp Puff,Toys,32,6,28,Skinder,2023-08-18
281,Bread - Hamburger Buns,Health,26,8,32.19,Rhybox,2023-08-13
282,Anchovy In Oil,Grocery,50,4,25.67,Browsecat,2023-10-31
283,Foam Dinner Plate,Baby,77,2,17.65,Twiyo,2023-07-03
284,Chips Potato Swt Chilli Sour,Sports,44,2,5.45,Linklinks,2023-07-30
285,Soup Campbells Split Pea And Ham,Movies,74,1,45.74,Jabbersphere,2023-10-05
286,Pur Value,Jewelry,12,5,36.09,Kare,2023-10-04
287,Milk - Condensed,Industrial,20,6,17.01,Tagtune,2023-11-19
288,"Nut - Cashews, Whole, Raw",Home,62,9,23.21,Oloo,2023-10-11
289,Cucumber - English,Sports,28,6,13.22,Centizu,2023-09-13
290,Wine - Vineland Estate Semi - Dry,Clothing,23,6,39.26,Kaymbo,2023-11-06
291,Pectin,Health,46,9,32.36,Dynabox,2023-11-14
292,Cake - Dulce De Leche,Beauty,99,6,15.79,Ooba,2023-11-06
293,Banana Turning,Sports,47,7,16.05,Aibox,2023-10-27
294,"Carrots - Purple, Organic",Music,86,4,28.29,Kwideo,2023-10-25
295,Bagel - 12 Grain Preslice,Jewelry,72,1,7.28,Zoonder,2023-09-15
296,"Cheese - Cheddar, Mild",Industrial,79,2,30.44,Topiczoom,2023-06-08
297,"Wine - Red, Harrow Estates, Cab",Automotive,64,10,40.94,Yodoo,2023-06-27
298,Marzipan 50/50,Outdoors,38,1,21.71,Camimbo,2023-07-18
299,"Red Snapper - Fillet, Skin On",Baby,61,2,30.39,Avamm,2023-09-20
300,Quail - Jumbo,Sports,82,2,15.66,Feedspan,2023-06-11
301,Chocolate Eclairs,Electronics,11,9,11.24,Kamba,2023-09-18
302,"Veal - Inside, Choice",Kids,92,2,6.26,Tagtune,2023-10-14
303,Cheese - St. Andre,Movies,49,10,49.47,Realcube,2023-09-20
304,The Pop Shoppe - Black Cherry,Jewelry,54,9,17.32,Chatterpoint,2023-06-06
305,"Seedlings - Buckwheat, Organic",Grocery,92,9,27.78,Jaxworks,2023-11-24
306,Wine - Chateau Aqueria Tavel,Garden,36,5,36.68,Tanoodle,2023-10-06
307,Sprouts - Bean,Baby,19,8,25.78,Skajo,2023-10-23
308,"Mushrooms - Black, Dried",Movies,54,4,42.74,Thoughtbeat,2023-09-15
309,Wasabi Paste,Music,57,6,37.13,Twitternation,2023-06-04
310,Cheese - Brie Roitelet,Music,88,8,25.86,Realmix,2023-11-21
311,Food Colouring - Pink,Jewelry,73,10,12.08,Realblab,2023-09-10
312,Bagel - 12 Grain Preslice,Home,39,5,17.45,Mudo,2023-10-25
313,"Fish - Base, Bouillion",Automotive,25,2,13.44,Buzzshare,2023-06-07
314,Table Cloth 62x120 White,Industrial,31,7,32.59,Fadeo,2023-09-15
315,"Nestea - Ice Tea, Diet",Outdoors,96,7,12.89,Dynazzy,2023-10-27
316,Spice - Chili Powder Mexican,Sports,2,1,43.03,Aimbu,2023-11-17
317,"Jam - Blackberry, 20 Ml Jar",Games,58,9,23.39,Janyx,2023-07-23
318,"Beef - Outside, Round",Computers,43,9,8.64,Feednation,2023-06-20
319,"Beans - Black Bean, Preserved",Grocery,51,6,42.44,Zoombeat,2023-10-13
320,Dish Towel,Books,42,1,1.32,Bluejam,2023-10-07
321,"Lamb - Whole, Fresh",Baby,52,6,43.08,Fiveclub,2023-12-03
322,Rice - Jasmine Sented,Electronics,68,3,21.12,Babbleopia,2023-07-05
323,"Napkin - Dinner, White",Automotive,23,1,33.63,Nlounge,2023-07-27
324,Veal - Knuckle,Clothing,41,8,28.49,Browsecat,2023-06-21
325,Sauerkraut,Electronics,34,1,38.83,Linkbuzz,2023-09-29
326,Cheese - Taleggio D.o.p.,Games,84,4,8.12,Fivechat,2023-08-22
327,Fork - Plastic,Jewelry,29,6,11.58,Jaxbean,2023-06-24
328,Container Clear 8 Oz,Shoes,93,10,46.73,Dabjam,2023-06-23
329,Nori Sea Weed - Gold Label,Clothing,86,10,20.61,Kimia,2023-08-06
330,Flour - All Purpose,Jewelry,39,2,3.16,Flipstorm,2023-11-01
331,Cheese - Goat,Health,20,9,0.32,Lazz,2023-09-15
332,Milk - Homo,Clothing,74,7,2.43,Kamba,2023-06-02
333,"Cheese - Woolwich Goat, Log",Kids,50,7,40.93,Avamm,2023-11-15
334,Truffle Cups - White Paper,Kids,88,5,46.22,Thoughtmix,2023-08-15
335,"Lemonade - Island Tea, 591 Ml",Computers,14,6,22.35,Dabjam,2023-10-10
336,Carbonated Water - Blackberry,Shoes,26,9,16.6,Digitube,2023-09-27
337,Island Oasis - Mango Daiquiri,Outdoors,39,3,37.32,Mynte,2023-08-22
338,"Chocolate - Pistoles, White",Tools,49,8,6.66,Vidoo,2023-08-08
339,Chef Hat 25cm,Books,83,6,1.11,Jaxspan,2023-09-24
340,Lotus Rootlets - Canned,Music,11,8,24.12,Demivee,2023-11-15
341,Horseradish Root,Health,16,1,9.71,Photolist,2023-06-04
342,Beer - Upper Canada Light,Computers,49,7,12.44,Dablist,2023-08-29
343,Soup - Campbells Mac N Cheese,Kids,56,7,7.81,Realblab,2023-08-28
344,Grapes - Black,Toys,83,3,19.76,Izio,2023-11-28
345,Soap - Pine Sol Floor Cleaner,Beauty,42,1,22.94,Bluezoom,2023-12-03
346,Mousse - Banana Chocolate,Health,22,8,20.14,Leenti,2023-07-01
347,Pimento - Canned,Garden,89,1,2.05,Wikizz,2023-06-07
348,Wine - Ruffino Chianti Classico,Jewelry,71,4,21.44,Brightbean,2023-07-10
349,Grapefruit - White,Electronics,3,8,48.05,Gabspot,2023-12-03
350,Cookie Trail Mix,Kids,36,7,27.73,Trilia,2023-11-02
351,Venison - Liver,Movies,69,4,8.41,Dynazzy,2023-11-12
352,Rabbit - Legs,Health,26,8,23.29,Meedoo,2023-09-17
353,Daikon Radish,Kids,27,2,48.12,Feedfish,2023-08-10
354,Ecolab - Medallion,Industrial,64,5,45.59,Kamba,2023-11-10
355,"Asparagus - White, Fresh",Clothing,82,9,3.08,Gigaclub,2023-07-21
356,Chinese Foods - Chicken Wing,Toys,30,10,46.3,Voomm,2023-06-09
357,Lychee,Grocery,65,5,7.76,Topiczoom,2023-11-28
358,Cornflakes,Kids,64,6,21.73,Vidoo,2023-09-09
359,Creme De Cacao White,Beauty,40,1,17.92,Skajo,2023-06-11
360,"Wine - White, Pinot Grigio",Health,44,6,11.96,Wikibox,2023-09-22
361,Bread Sour Rolls,Sports,4,3,27.79,Kamba,2023-10-11
362,Truffle Cups - Red,Toys,53,10,45.6,Trilith,2023-06-15
363,Beer - Upper Canada Lager,Clothing,34,3,40.03,Wordpedia,2023-09-14
364,Pimento - Canned,Shoes,49,1,36.72,Oyondu,2023-07-23
365,Wine - Bouchard La Vignee Pinot,Industrial,98,1,25.95,Ainyx,2023-11-29
366,Grapefruit - Pink,Shoes,30,4,34.94,Eamia,2023-08-06
367,Rice - Sushi,Automotive,71,3,3.73,Zoomcast,2023-11-13
368,Asparagus - Frozen,Grocery,72,3,48.7,Oyoloo,2023-07-04
369,"Cheese - Cheddar, Mild",Games,33,1,36.35,Realcube,2023-06-12
370,"Wine - Red, Cabernet Sauvignon",Sports,9,2,18.9,Meevee,2023-08-10
371,"Pasta - Penne, Rigate, Dry",Garden,3,5,42.92,Quinu,2023-09-11
372,"Asparagus - White, Fresh",Sports,82,9,33.4,Brainsphere,2023-09-03
373,Carbonated Water - Strawberry,Computers,24,9,42.78,Quinu,2023-09-20
374,"Juice - Cranberry, 341 Ml",Grocery,27,1,11.32,Ntag,2023-09-28
375,Bread - Sour Sticks With Onion,Baby,90,7,16.4,Babbleset,2023-08-23
376,"Pork - Tenderloin, Frozen",Books,60,10,43.51,Skyvu,2023-07-23
377,Mustard Prepared,Health,69,6,27.16,Tambee,2023-06-23
378,Towel - Roll White,Tools,29,9,47.71,Dynava,2023-08-04
379,Beef - Short Loin,Baby,62,5,37.16,Innojam,2023-09-24
380,Yokaline,Books,73,10,10.68,Pixonyx,2023-07-25
381,"Coconut - Creamed, Pure",Garden,31,10,21.17,Brainsphere,2023-09-26
382,"Asparagus - Green, Fresh",Clothing,62,3,10.47,Kimia,2023-11-02
383,Beer - Sleeman Fine Porter,Kids,55,9,44.76,Rhyzio,2023-08-02
384,Crab Meat Claw Pasteurise,Computers,27,7,2.09,Zoonoodle,2023-09-02
385,Mushroom - Morel Frozen,Automotive,8,7,27.96,Skaboo,2023-09-12
386,"Wine - White, Gewurtzraminer",Baby,15,4,14.48,Realpoint,2023-11-15
387,"Brandy - Orange, Mc Guiness",Music,62,6,36.96,InnoZ,2023-11-25
388,Beans - Fava Fresh,Automotive,59,9,2.79,Meeveo,2023-07-21
389,Cookies - Englishbay Oatmeal,Automotive,34,10,35.91,Dynazzy,2023-12-01
390,Currants,Music,28,9,46.59,Jaxnation,2023-08-27
391,Cheese - Pont Couvert,Baby,42,1,7.07,Shuffledrive,2023-08-19
392,Beef - Ground Lean Fresh,Grocery,38,9,44.95,Kwimbee,2023-08-08
393,Miso Paste White,Industrial,8,8,7.71,Livefish,2023-09-27
394,"Bread - Multigrain, Loaf",Outdoors,36,3,37.36,Zoomlounge,2023-09-06
395,Beef Tenderloin Aaa,Movies,35,5,16.35,Blogspan,2023-11-30
396,Foam Espresso Cup Plain White,Automotive,67,3,2.5,Wikido,2023-11-01
397,"Sauce - Soya, Dark",Garden,70,4,19.6,Mydo,2023-08-28
398,"Tomatoes - Vine Ripe, Red",Home,49,2,16.65,Jabbersphere,2023-12-04
399,Eggs - Extra Large,Music,53,5,46.08,Skyndu,2023-11-17
400,Pie Pecan,Sports,1,4,22.67,Bluezoom,2023-06-14
401,Beer - Rickards Red,Health,95,6,23.29,Thoughtbridge,2023-12-03
402,Muffin Mix - Chocolate Chip,Clothing,89,5,11.48,Kare,2023-11-11
403,"Brocolinni - Gaylan, Chinese",Books,35,6,24.28,Muxo,2023-06-17
404,Contreau,Grocery,7,10,3.94,Camimbo,2023-06-14
405,Syrup - Kahlua Chocolate,Outdoors,30,6,21.63,Tagchat,2023-08-30
406,"Apple - Delicious, Red",Garden,37,7,35.17,Twitterlist,2023-09-28
407,Smirnoff Green Apple Twist,Jewelry,93,3,29.31,Yodel,2023-11-13
408,Wine - Redchard Merritt,Home,27,2,9.69,Oba,2023-10-27
409,Ice Cream - Fudge Bars,Books,41,9,17.36,Lazzy,2023-06-30
410,Bread Roll Foccacia,Sports,70,2,41.47,Mydeo,2023-06-30
411,Bread - Corn Muffaletta,Outdoors,39,3,31.26,Brainlounge,2023-08-18
412,"Chestnuts - Whole,canned",Home,22,7,32.18,Voonix,2023-07-26
413,"Potatoes - Instant, Mashed",Garden,16,3,36.25,Rhynoodle,2023-10-31
414,Amarula Cream,Garden,43,1,24.9,Voonder,2023-10-01
415,Lotus Rootlets - Canned,Kids,22,2,13.13,Zava,2023-07-07
416,Zucchini - Yellow,Movies,40,5,35.11,Tambee,2023-10-09
417,Oil - Avocado,Toys,5,2,14.38,Flashdog,2023-08-30
418,Wine - Ice Wine,Baby,49,2,44.99,Eazzy,2023-06-23
419,Towel - Roll White,Toys,23,9,24.3,Photobean,2023-11-09
420,Cheese - Le Cheve Noir,Industrial,89,8,35.47,Pixoboo,2023-06-21
421,Cocktail Napkin Blue,Kids,6,10,41.28,Ozu,2023-06-27
422,Tomatoes Tear Drop Yellow,Grocery,96,4,28.9,Aimbu,2023-10-18
423,Venison - Liver,Baby,54,3,8.64,Photobug,2023-09-12
424,Ginger - Pickled,Games,52,2,18.97,Skippad,2023-10-16
425,Wine - Piper Heidsieck Brut,Tools,28,8,27.01,Eayo,2023-06-17
426,Lamb - Whole Head Off,Outdoors,16,3,32.15,Meembee,2023-10-08
427,Port - 74 Brights,Toys,12,7,13.13,Meemm,2023-06-13
428,Haggis,Baby,93,10,18.54,Zoombeat,2023-11-09
429,"Pork - Bacon,back Peameal",Home,48,1,17.35,Zoomzone,2023-06-24
430,Table Cloth 81x81 Colour,Grocery,10,4,21.72,Photobean,2023-11-21
431,Longos - Grilled Chicken With,Outdoors,21,5,11.93,Yata,2023-10-27
432,Skirt - 29 Foot,Home,67,8,6.01,Mynte,2023-11-26
433,Sugar - Fine,Music,41,7,8.86,Voonix,2023-09-23
434,Pepper - Chili Powder,Tools,97,8,27.21,Linktype,2023-06-22
435,Spice - Greek 1 Step,Toys,68,5,35.86,Oyondu,2023-11-29
436,Coffee Cup 16oz Foam,Beauty,43,6,42.83,Trudoo,2023-06-22
437,Glass Clear 7 Oz Xl,Health,15,1,14.07,Jayo,2023-06-18
438,Chicken - Soup Base,Automotive,92,4,35.01,Skinder,2023-06-06
439,Plasticforkblack,Electronics,52,4,37.27,Jaxspan,2023-07-18
440,"Soup - Campbells, Classic Chix",Music,24,9,23.89,Youspan,2023-09-07
441,Salmon - Sockeye Raw,Grocery,79,3,34.63,Kazu,2023-09-06
442,Bagel - Everything Presliced,Clothing,89,2,33.85,Omba,2023-10-20
443,"Pasta - Detalini, White, Fresh",Clothing,40,10,44.75,Yamia,2023-09-18
444,Halibut - Steaks,Health,49,1,13.66,Kare,2023-07-07
445,Gelatine Leaves - Bulk,Automotive,36,2,25.91,Oyoyo,2023-10-11
446,Chocolate - Dark,Beauty,96,4,16.28,Meejo,2023-09-15
447,Muffin Mix - Banana Nut,Beauty,93,4,6.33,Edgepulse,2023-10-19
448,"Soup - Cream Of Broccoli, Dry",Home,1,5,28.39,Aivee,2023-06-01
449,Nori Sea Weed,Sports,81,1,27.42,Midel,2023-12-04
450,Bay Leaf Ground,Books,62,5,46.46,Feedbug,2023-06-20
451,"Wine - Red, Mosaic Zweigelt",Home,79,8,28.75,Mybuzz,2023-08-13
452,Chicken - Whole,Jewelry,48,2,48.56,Thoughtworks,2023-07-17
453,Beans - Green,Shoes,10,4,6.38,Tagcat,2023-10-30
454,Wine - Riesling Dr. Pauly,Automotive,72,1,10.27,Flipstorm,2023-11-27
455,Puree - Passion Fruit,Industrial,70,7,17.91,Photospace,2023-11-15
456,"Marjoram - Dried, Rubbed",Music,1,2,45.9,Fanoodle,2023-08-04
457,Pasta - Canelloni,Games,53,9,9.14,Abatz,2023-12-01
458,Lidsoupcont Rp12dn,Computers,3,4,15.59,Mynte,2023-08-02
459,True - Vue Containers,Grocery,51,5,48.87,Rhyloo,2023-11-17
460,Butter - Salted,Outdoors,74,10,39.45,Divanoodle,2023-09-27
461,Flour - Chickpea,Tools,61,9,30.46,Abata,2023-11-22
462,Venison - Denver Leg Boneless,Automotive,12,5,36.51,Edgetag,2023-10-26
463,Wine - Hardys Bankside Shiraz,Music,20,9,30.25,Rooxo,2023-07-18
464,Burger Veggie,Home,8,6,31.47,Avaveo,2023-12-01
465,Sea Urchin,Electronics,26,3,42.43,Ailane,2023-10-12
466,Ham - Virginia,Industrial,25,9,5.69,Tagfeed,2023-06-14
467,Trout Rainbow Whole,Home,56,5,32.49,Vimbo,2023-08-26
468,Pie Shell - 5,Shoes,11,9,35.1,Yodel,2023-07-15
469,Parsnip,Kids,96,9,29.98,Yozio,2023-07-17
470,Papayas,Shoes,36,4,28.02,Skimia,2023-11-14
471,Muffin Carrot - Individual,Electronics,28,10,32.05,Skilith,2023-08-07
472,Gatorade - Lemon Lime,Kids,71,1,18.76,Devcast,2023-09-06
473,Couscous,Health,49,6,17.15,Livefish,2023-07-05
474,Lamb Tenderloin Nz Fr,Electronics,49,7,5.92,Dazzlesphere,2023-07-07
475,Bread - Calabrese Baguette,Shoes,95,4,9.28,Centidel,2023-08-25
476,Mikes Hard Lemonade,Clothing,92,8,3.11,Trudoo,2023-11-10
477,Crackers - Water,Sports,10,4,5.27,Zoomzone,2023-07-27
478,Sauce - Plum,Health,74,10,18.4,Devcast,2023-11-28
479,Bag - Clear 7 Lb,Games,11,5,48.44,Centimia,2023-10-22
480,"Wine - Red, Metus Rose",Baby,46,10,22.86,Innojam,2023-08-06
481,Ginsing - Fresh,Baby,44,6,48.84,Blogtag,2023-08-20
482,Spinach - Frozen,Health,9,6,33.76,InnoZ,2023-07-07
483,Apricots - Halves,Beauty,43,3,28.71,Meetz,2023-11-05
484,Chocolate - Dark Callets,Automotive,73,10,21.53,Bluezoom,2023-07-11
485,Pastry - Carrot Muffin - Mini,Toys,13,5,37.68,Riffwire,2023-10-12
486,Cookie Dough - Peanut Butter,Grocery,68,5,37.04,Kwilith,2023-06-18
487,Soup - Campbells Beef Strogonoff,Garden,61,5,49.86,Bubbletube,2023-09-12
488,Pastry - Mini French Pastries,Computers,79,7,0.91,Abata,2023-08-19
489,Pasta - Angel Hair,Clothing,84,3,15.25,Wordify,2023-10-01
490,Dc Hikiage Hira Huba,Sports,93,5,43.38,Feedspan,2023-06-04
491,"Pasta - Orzo, Dry",Industrial,38,2,14.22,Roodel,2023-11-21
492,"Doilies - 7, Paper",Computers,8,5,48.8,Oba,2023-09-16
493,Wiberg Cure,Books,75,8,24.27,Tambee,2023-06-29
494,Mushrooms - Honey,Books,50,3,30.42,Tekfly,2023-10-10
495,Port - 74 Brights,Books,61,9,36.69,Demizz,2023-07-19
496,Kiwi Gold Zespri,Computers,58,3,48.16,Devpulse,2023-06-20
497,Rice - Basmati,Jewelry,35,7,1.71,Tazz,2023-11-04
498,Appetizer - Asian Shrimp Roll,Clothing,12,1,34.8,Twiyo,2023-09-04
499,Pastry - Key Limepoppy Seed Tea,Outdoors,60,7,5.66,Trunyx,2023-08-14
500,"Chicken - Thigh, Bone In",Beauty,74,2,46.36,Skinder,2023-06-12
501,Jerusalem Artichoke,Garden,27,9,7.06,Blognation,2023-11-07
502,"Wine - Red, Wolf Blass, Yellow",Books,48,5,16.55,Youbridge,2023-06-06
503,Tea - Herbal I Love Lemon,Industrial,87,3,36.73,Eire,2023-09-25
504,"Wine - Bourgogne 2002, La",Outdoors,33,4,16.04,Devshare,2023-11-11
505,Hinge W Undercut,Books,77,1,7.41,Linkbuzz,2023-06-01
506,Juice - Apple 284ml,Computers,29,6,21.35,Thoughtsphere,2023-09-21
507,Puree - Mocha,Computers,58,6,43.59,Bluezoom,2023-07-01
508,"Chicken - Leg, Fresh",Clothing,36,9,40.65,Roombo,2023-10-13
509,Mushroom - Morel Frozen,Kids,80,7,48.25,Yata,2023-10-08
510,Cabbage - Green,Tools,84,3,23.79,Yakidoo,2023-11-11
511,"Chicken - Base, Ultimate",Toys,100,6,47.73,Edgeclub,2023-09-01
512,"Wine - White, Riesling, Semi - Dry",Automotive,91,3,37.99,Trupe,2023-11-03
513,Bread Fig And Almond,Games,51,8,9.32,Jetwire,2023-07-31
514,Ecolab - Lime - A - Way 4/4 L,Grocery,78,9,25.73,Eazzy,2023-06-08
515,Tea - Herbal Sweet Dreams,Games,8,2,9.22,Gabvine,2023-10-14
516,Muffin Chocolate Individual Wrap,Jewelry,31,8,25.33,Feedspan,2023-09-11
517,"Tart Shells - Savory, 4",Music,54,5,2.57,Bubblebox,2023-10-10
518,Mushroom - King Eryingii,Industrial,8,9,42.19,Tagtune,2023-09-22
519,Appetizer - Seafood Assortment,Clothing,53,7,3.45,Babbleset,2023-07-13
520,Nacho Chips,Baby,83,5,43.99,Twitterlist,2023-10-06
521,Wine - Masi Valpolocell,Garden,91,1,45.29,Wikivu,2023-09-14
522,Pomello,Music,28,1,27.57,Trudeo,2023-11-12
523,Basil - Thai,Industrial,100,4,22.35,Centimia,2023-06-21
524,"Wine - Red, Harrow Estates, Cab",Garden,27,2,46.42,Meevee,2023-09-03
525,Grenadillo,Jewelry,19,9,23.85,Topicblab,2023-06-29
526,Bread - French Stick,Kids,76,3,43.44,Midel,2023-11-14
527,"Corn - Cream, Canned",Industrial,99,6,14.38,Skibox,2023-08-14
528,"Beans - Fava, Canned",Baby,72,2,12.34,Zooxo,2023-09-23
529,Black Currants,Music,38,5,6.76,Tagpad,2023-12-05
530,Beer - Blue,Music,49,6,0.31,Realcube,2023-06-06
531,Cup - Paper 10oz 92959,Games,50,10,30.21,Fliptune,2023-08-03
532,Cake - Pancake,Music,98,5,6.45,Camido,2023-08-24
533,Rice - Brown,Sports,7,2,19.14,Skajo,2023-11-08
534,"Doilies - 5, Paper",Toys,14,9,14.6,Youtags,2023-09-27
535,Salad Dressing,Beauty,24,3,28.06,Abata,2023-06-28
536,Table Cloth 53x69 White,Grocery,98,2,14.38,Ainyx,2023-06-27
537,Shrimp - Black Tiger 8 - 12,Health,17,6,26.64,Zooveo,2023-07-18
538,"Crab - Blue, Frozen",Books,43,10,38.93,Vitz,2023-10-07
539,Muffin - Mix - Strawberry Rhubarb,Tools,79,3,39.77,Jayo,2023-11-13
540,Beef Ground Medium,Outdoors,10,2,45.08,Tagpad,2023-06-08
541,Soy Protein,Baby,29,3,43.62,Blogspan,2023-07-13
542,Bread - Multigrain Oval,Jewelry,75,9,12.64,Thoughtblab,2023-10-14
543,Croissants Thaw And Serve,Industrial,64,6,16.47,Teklist,2023-06-24
544,"Juice - Orange, Concentrate",Health,21,8,23.46,Twiyo,2023-06-16
545,"Halibut - Whole, Fresh",Jewelry,34,2,6.45,Blognation,2023-11-19
546,Amarula Cream,Kids,20,9,20.01,Jabberstorm,2023-09-16
547,Bread - Calabrese Baguette,Baby,59,2,19.44,Vitz,2023-06-16
548,"Chilli Paste, Ginger Garlic",Music,8,4,16.52,InnoZ,2023-07-14
549,Basil - Thai,Garden,98,8,48.26,Dynava,2023-07-30
550,Muffin Mix - Oatmeal,Games,90,10,21.01,Tagtune,2023-10-25
551,Capicola - Hot,Toys,5,2,18.12,Kare,2023-07-24
552,Tea - Vanilla Chai,Clothing,64,2,18.29,Flashset,2023-10-17
553,"Placemat - Scallop, White",Grocery,78,3,39.32,Twitterlist,2023-07-22
554,Island Oasis - Cappucino Mix,Kids,59,7,23.3,Jabbersphere,2023-06-03
555,Cranberries - Frozen,Industrial,21,8,30.22,Fivechat,2023-09-18
556,Coffee Swiss Choc Almond,Kids,77,7,16.93,Shufflebeat,2023-10-31
557,Bar Nature Valley,Kids,35,9,8.61,Jabbercube,2023-11-07
558,Steampan - Half Size Shallow,Shoes,26,6,27.81,Youtags,2023-10-08
559,Longos - Chicken Wings,Automotive,3,5,9.36,Blognation,2023-11-04
560,Scallops - 10/20,Automotive,96,4,48.56,Tanoodle,2023-10-16
561,Beer - Camerons Cream Ale,Sports,5,4,17.5,Realcube,2023-07-29
562,Sesame Seed Black,Computers,55,10,21.65,Skaboo,2023-07-26
563,Jolt Cola - Red Eye,Computers,50,7,11.94,Shufflebeat,2023-09-27
564,"Wine - White, Lindemans Bin 95",Computers,26,2,41.46,Shufflester,2023-08-24
565,Savory,Automotive,25,10,34.48,Skivee,2023-09-06
566,Cup - Translucent 7 Oz Clear,Home,77,2,29.82,Voomm,2023-10-02
567,Mustard Prepared,Baby,85,9,12.15,Mybuzz,2023-10-26
568,"Yogurt - Strawberry, 175 Gr",Electronics,83,10,28.92,Riffwire,2023-10-13
569,Sole - Iqf,Baby,59,5,6.2,Tagchat,2023-12-01
570,Wine - Cotes Du Rhone,Kids,26,5,39.87,InnoZ,2023-06-19
571,Veal - Nuckle,Movies,69,4,1.73,Thoughtsphere,2023-06-08
572,Beer - Blue Light,Kids,70,9,10.99,Kayveo,2023-09-18
573,Oneshot Automatic Soap System,Kids,22,5,48.85,Realcube,2023-09-14
574,Bread - 10 Grain Parisian,Home,8,4,6.4,Feedfire,2023-08-24
575,Flour - Masa De Harina Mexican,Toys,67,4,7.39,Agimba,2023-10-26
576,Cheese - Oka,Books,64,2,2.03,Photobug,2023-11-19
577,Quail - Jumbo Boneless,Jewelry,81,4,21.57,Flipopia,2023-07-24
578,"Bread - Roll, Canadian Dinner",Games,99,5,10.3,Yambee,2023-08-10
579,Filo Dough,Home,56,8,30.75,Youopia,2023-08-14
580,"Lid - High Heat, Super Clear",Outdoors,25,1,23.99,Pixoboo,2023-10-12
581,Tea - Mint,Electronics,30,7,42.15,Mydo,2023-11-24
582,Cheese Cloth,Movies,94,8,43.97,Flashpoint,2023-11-22
583,Truffle Cups - White Paper,Music,21,8,34.17,Chatterpoint,2023-09-05
584,Smirnoff Green Apple Twist,Jewelry,65,1,40.63,Trudoo,2023-07-09
585,Madeira,Garden,66,7,40.38,Gabvine,2023-07-13
586,Crackers - Water,Kids,8,8,16.32,Devpulse,2023-08-23
587,Rolled Oats,Clothing,8,4,14.18,Jayo,2023-08-24
588,Fennel,Tools,10,5,8.72,Pixonyx,2023-10-06
589,Bread - Corn Muffaletta,Industrial,77,7,41.95,Twitterbridge,2023-10-08
590,Cookie Dough - Oatmeal Rasin,Games,94,6,25.06,Livetube,2023-06-06
591,"Capon - Breast, Double, Wing On",Garden,64,1,35.24,Yozio,2023-08-20
592,"Trout - Rainbow, Frozen",Baby,90,4,30.57,Leenti,2023-09-07
593,"Pork - Chop, Frenched",Clothing,66,3,10.36,Dynazzy,2023-07-19
594,Jicama,Movies,79,4,30.55,Minyx,2023-09-05
595,Longos - Chicken Curried,Movies,100,6,4.57,Riffwire,2023-09-09
596,Mousse - Passion Fruit,Shoes,70,4,14.26,Thoughtstorm,2023-06-04
597,Pastry - Mini French Pastries,Kids,91,8,8.97,Voolia,2023-11-03
598,Parsley - Dried,Toys,30,10,5.28,Oloo,2023-10-05
599,"Wine - White, Chardonnay",Books,9,7,23.69,DabZ,2023-06-01
600,Lettuce - Iceberg,Health,33,10,3.73,Thoughtbeat,2023-09-16
601,Squid - Breaded,Clothing,8,4,48.57,Meevee,2023-09-07
602,Cheese - Gouda Smoked,Sports,51,1,38.96,Avavee,2023-10-03
603,Cassis,Beauty,72,6,21.09,Oyoba,2023-11-30
604,Wine - Clavet Saint Emilion,Health,98,6,19.34,Fivechat,2023-06-08
605,Calypso - Lemonade,Clothing,85,2,22.97,Skyba,2023-06-20
606,Nantucket - Kiwi Berry Cktl.,Sports,86,2,27.99,Bubblemix,2023-07-18
607,Wine - Mondavi Coastal Private,Garden,33,1,30.7,Voolia,2023-10-02
608,Chocolate - Milk,Baby,74,6,46.32,Realpoint,2023-11-23
609,Mushroom - Lg - Cello,Garden,10,7,11.31,Gabvine,2023-10-27
610,Container - Hngd Cll Blk 7x7x3,Outdoors,42,8,1.75,Camimbo,2023-07-02
611,"Capon - Breast, Double, Wing On",Jewelry,42,3,12.21,Vinte,2023-11-08
612,Nantucket Apple Juice,Toys,87,9,41.25,Fliptune,2023-06-04
613,Quail - Jumbo,Sports,84,8,7.55,Photofeed,2023-07-10
614,Tomatoes Tear Drop Yellow,Toys,68,7,41.73,Twitterbeat,2023-07-29
615,Plastic Arrow Stir Stick,Beauty,45,5,27.02,Camimbo,2023-09-08
616,"Noodles - Cellophane, Thin",Outdoors,57,5,43.74,Buzzbean,2023-08-03
617,Ecolab - Hobart Washarm End Cap,Beauty,22,1,6.11,Brainsphere,2023-07-23
618,"Mushroom - Chantrelle, Fresh",Electronics,37,3,49.04,Edgeblab,2023-11-28
619,"Pail - 15l White, With Handle",Home,32,5,41.95,Browsebug,2023-06-22
620,Canadian Emmenthal,Clothing,5,2,1.3,Photofeed,2023-12-03
621,Table Cloth 62x114 Colour,Jewelry,40,10,33.46,Trilia,2023-10-02
622,"Bread - Sticks, Thin, Plain",Toys,5,8,25.27,Camido,2023-10-21
623,Wine - Sawmill Creek Autumn,Baby,32,10,7.93,Skinix,2023-09-15
624,"Garlic - Primerba, Paste",Tools,58,7,37.08,Twitterwire,2023-06-13
625,Bagel - Everything,Games,61,2,32.73,Yata,2023-08-27
626,Lobster - Canned Premium,Games,7,3,47.68,Eare,2023-10-12
627,"Yogurt - Blueberry, 175 Gr",Clothing,40,8,35.85,Thoughtbridge,2023-06-08
628,Bagelers - Cinn / Brown,Home,83,4,16.18,Skimia,2023-07-30
629,Onions - Cippolini,Automotive,51,5,27.15,Camimbo,2023-07-24
630,"Octopus - Baby, Cleaned",Shoes,21,2,40.7,Chatterbridge,2023-07-13
631,Capicola - Hot,Toys,5,3,0.23,Trunyx,2023-08-30
632,Coffee - Decaffeinato Coffee,Garden,4,5,47.15,Quaxo,2023-09-21
633,"Vinegar - Balsamic, White",Kids,20,8,13.54,Zoomlounge,2023-07-06
634,Pork Salted Bellies,Electronics,56,9,16.75,Meevee,2023-10-15
635,Tomatoes - Roma,Home,9,3,35.51,Voonyx,2023-06-27
636,Extract Vanilla Pure,Kids,30,10,28.2,Dabtype,2023-09-25
637,Beef - Flank Steak,Industrial,61,2,38.95,Wikibox,2023-06-14
638,Ice Cream Bar - Oreo Cone,Toys,17,10,32.46,Realblab,2023-11-23
639,Chips Potato Salt Vinegar 43g,Books,39,4,6.89,Rhycero,2023-07-06
640,Tomatillo,Industrial,14,4,3.82,Jabbertype,2023-11-15
641,Dikon,Books,60,4,30.88,Zoomcast,2023-10-07
642,Laundry - Bag Cloth,Outdoors,65,7,30.39,Riffwire,2023-07-27
643,Pastry - Baked Cinnamon Stick,Industrial,23,2,25.62,Rhynoodle,2023-10-30
644,Soup - Verve - Chipotle Chicken,Computers,100,2,16.58,Flashset,2023-09-26
645,Wine - Jafflin Bourgongone,Grocery,93,10,49.52,Buzzbean,2023-12-04
646,Shopper Bag - S - 4,Outdoors,38,6,1.54,Thoughtsphere,2023-06-27
647,Beer - Rickards Red,Clothing,95,6,14.41,Aibox,2023-06-01
648,Tea - Herbal Sweet Dreams,Books,25,3,23.8,Rhycero,2023-10-06
649,Chips Potato Salt Vinegar 43g,Tools,85,5,14.32,Flipopia,2023-10-31
650,"Bread - Rolls, Corn",Games,28,5,38.08,Photobean,2023-08-11
651,Bread Crumbs - Panko,Shoes,1,2,35.12,Vimbo,2023-08-08
652,"Lobster - Tail, 3 - 4 Oz",Health,73,4,0.28,Jetpulse,2023-11-03
653,Cape Capensis - Fillet,Electronics,50,6,9.16,Demimbu,2023-12-05
654,Puree - Raspberry,Electronics,37,2,7.06,Divape,2023-07-23
655,"Pasta - Bauletti, Chicken White",Electronics,89,6,28.7,Plajo,2023-10-10
656,Nantucket Cranberry Juice,Kids,51,5,28.91,Vinte,2023-08-05
657,Chicken - Ground,Industrial,56,5,48.73,Gigashots,2023-12-02
658,Lemon Balm - Fresh,Health,54,4,14.94,Kwinu,2023-11-29
659,Peach - Halves,Jewelry,44,5,48.19,Topdrive,2023-11-30
660,Nougat - Paste / Cream,Electronics,83,4,20.06,Trilia,2023-09-10
661,Pastry - Choclate Baked,Computers,72,3,33.98,Bluezoom,2023-11-21
662,"Wine - Red, Pinot Noir, Chateau",Electronics,92,1,5.82,Skyba,2023-09-20
663,Quail - Jumbo Boneless,Games,17,3,31.17,Meezzy,2023-10-20
664,"Tomatoes - Vine Ripe, Yellow",Baby,26,6,18.66,Kwinu,2023-09-22
665,Muffin - Banana Nut Individual,Music,90,1,39.46,Vidoo,2023-10-27
666,External Supplier,Sports,31,7,11.98,Gevee,2023-10-30
667,"Beef - Cooked, Corned",Outdoors,85,7,30.64,Tagopia,2023-08-23
668,Towel Dispenser,Kids,58,1,8.43,Skaboo,2023-09-25
669,Wine - Segura Viudas Aria Brut,Jewelry,12,6,0.96,Shuffledrive,2023-10-13
670,Cheese - Blue,Electronics,8,5,39.39,Camido,2023-06-26
671,Cup - Translucent 7 Oz Clear,Music,31,2,3.51,Topiczoom,2023-07-28
672,Calypso - Black Cherry Lemonade,Kids,68,5,41.86,Yotz,2023-10-12
673,White Fish - Filets,Sports,46,6,40.82,Dabtype,2023-08-09
674,"Juice - Apple, 500 Ml",Baby,90,1,32.64,Eabox,2023-11-24
675,Curry Powder,Industrial,24,2,31.42,Lazzy,2023-08-16
676,Cheese Cloth No 100,Music,50,6,39.36,Gigaclub,2023-11-20
677,Wine - Casablanca Valley,Baby,37,7,14.48,Quinu,2023-10-03
678,"Marsala - Sperone, Fine, D.o.c.",Books,6,5,33.73,Plajo,2023-12-01
679,Tomatoes - Cherry,Jewelry,85,5,35.44,Jayo,2023-10-28
680,Sobe - Cranberry Grapefruit,Toys,33,10,23.98,Teklist,2023-09-09
681,Syrup - Pancake,Kids,98,7,41.1,Digitube,2023-07-25
682,Arctic Char - Fillets,Industrial,96,2,3.22,Buzzster,2023-07-17
683,Veal - Ground,Baby,75,7,23.64,Jabberbean,2023-07-19
684,Cookie Dough - Oatmeal Rasin,Tools,74,3,0.12,Midel,2023-11-01
685,Oranges,Games,58,1,48,Thoughtstorm,2023-10-09
686,Daikon Radish,Music,11,3,47.27,Jabberstorm,2023-07-31
687,Capers - Pickled,Toys,64,6,21.57,Youtags,2023-06-13
688,Breadfruit,Grocery,38,9,37.12,Zoomlounge,2023-11-29
689,"Turkey - Whole, Fresh",Books,73,7,2.97,Ntag,2023-09-10
690,"Tomatoes - Plum, Canned",Games,81,7,15.86,Jetwire,2023-08-11
691,Rice - Jasmine Sented,Music,94,5,29.76,Tagopia,2023-11-29
692,"Rice Pilaf, Dry,package",Jewelry,31,9,47.89,Zoonoodle,2023-07-30
693,Langers - Ruby Red Grapfruit,Shoes,57,10,15.87,Dazzlesphere,2023-06-27
694,Towels - Paper / Kraft,Music,20,4,35.22,Livefish,2023-10-03
695,Pork - Backfat,Industrial,34,9,10.53,Kamba,2023-06-20
696,Tea Leaves - Oolong,Health,38,5,23.86,Vimbo,2023-10-12
697,Kiwi,Beauty,40,2,37.26,Tagchat,2023-09-06
698,"Stock - Veal, White",Games,43,8,19.66,Wordtune,2023-10-31
699,Tomatoes Tear Drop Yellow,Industrial,45,10,8.41,Vimbo,2023-06-14
700,Bread - Olive Dinner Roll,Tools,52,3,4.72,Fadeo,2023-11-16
701,Extract - Rum,Outdoors,83,7,18.87,Gabtune,2023-06-16
702,Foil Cont Round,Books,60,5,32.3,Zoomlounge,2023-06-21
703,Wine - Cava Aria Estate Brut,Garden,9,6,46.81,Meemm,2023-07-13
704,Milk 2% 500 Ml,Clothing,74,10,9.57,Viva,2023-07-27
705,Scallops 60/80 Iqf,Music,4,10,39.56,Mycat,2023-11-10
706,Pear - Halves,Kids,62,7,18.13,Youbridge,2023-08-26
707,Cheese - Pied De Vents,Home,52,6,31.27,Kwimbee,2023-06-02
708,Schnappes Peppermint - Walker,Garden,17,10,0.86,Kazu,2023-06-21
709,"Bread - Rolls, Corn",Shoes,87,7,39.77,Shufflester,2023-06-13
710,Chocolate - Unsweetened,Garden,80,2,37.4,Jabberstorm,2023-09-20
711,"Pork - Back, Short Cut, Boneless",Toys,50,8,41.3,BlogXS,2023-08-11
712,Foam Cup 6 Oz,Music,14,1,31.82,Lazzy,2023-10-18
713,Wine - Two Oceans Cabernet,Industrial,62,2,46.77,Topicshots,2023-08-01
714,Sugar - Palm,Outdoors,63,4,20.36,Buzzshare,2023-10-14
715,Bread - Pain Au Liat X12,Grocery,24,4,42.13,Feedfish,2023-12-05
716,Sachet,Garden,41,10,27.94,Edgeclub,2023-07-31
717,"Wine - White, Antinore Orvieto",Jewelry,38,10,39.33,Kwideo,2023-09-09
718,Bread - Malt,Toys,29,9,7.14,Meevee,2023-11-24
719,Longos - Chicken Caeser Salad,Books,94,4,20.44,Leexo,2023-11-25
720,"Red Snapper - Fresh, Whole",Sports,89,3,14.82,Jaloo,2023-10-12
721,Garam Marsala,Music,56,1,48.34,Kayveo,2023-06-22
722,"Nut - Peanut, Roasted",Baby,59,5,1.42,Zava,2023-06-28
723,Salt - Sea,Movies,28,4,24.01,Browseblab,2023-06-11
724,Mushroom - Lg - Cello,Beauty,86,8,18.42,Brainlounge,2023-09-21
725,Tahini Paste,Automotive,32,10,36.71,Dabshots,2023-10-28
726,Sage - Ground,Tools,80,5,0.07,Flipopia,2023-11-19
727,Beans - French,Electronics,29,9,28.64,Katz,2023-08-03
728,Bread Base - Toscano,Books,53,7,44.39,Brightdog,2023-09-13
729,Piping - Bags Quizna,Jewelry,70,1,47.09,Oloo,2023-10-02
730,Bread - Pita,Industrial,51,7,23.88,Twimm,2023-11-21
731,Pasta - Angel Hair,Baby,13,1,29.66,Mita,2023-11-23
732,Swordfish Loin Portions,Books,90,2,5.96,Pixope,2023-08-04
733,Rice Paper,Home,69,7,24.9,Tagchat,2023-07-15
734,Prunes - Pitted,Electronics,55,4,14.17,Kanoodle,2023-06-28
735,Bandage - Fexible 1x3,Games,65,5,1.94,Topicblab,2023-07-20
736,Truffle Cups - White Paper,Industrial,3,10,34.37,Bluejam,2023-12-01
737,Juice - Orange 1.89l,Baby,64,1,47.04,Pixope,2023-08-17
738,"Pasta - Fettuccine, Egg, Fresh",Industrial,76,1,40.39,Yakitri,2023-11-13
739,Cheese - Comtomme,Beauty,57,7,31.13,Wikizz,2023-09-22
740,Sour Puss Raspberry,Home,47,6,32.18,Thoughtmix,2023-09-14
741,Chocolate Bar - Reese Pieces,Outdoors,73,1,34.1,Yombu,2023-09-24
742,"Chocolate - Semi Sweet, Calets",Shoes,11,1,22.67,Demizz,2023-11-12
743,Muffin - Mix - Mango Sour Cherry,Garden,56,5,45.96,InnoZ,2023-10-13
744,Sprite - 355 Ml,Movies,72,9,33.22,Realfire,2023-08-15
745,Chicken - Base,Music,46,5,11.89,DabZ,2023-11-29
746,Veal - Osso Bucco,Health,54,3,42.04,Layo,2023-06-23
747,Fennel - Seeds,Home,38,7,7.15,Zooxo,2023-09-17
748,Table Cloth 81x81 Colour,Computers,4,1,9.41,Oyonder,2023-10-25
749,Bread - Sour Batard,Computers,23,9,42.86,Gigaclub,2023-09-20
750,Langers - Cranberry Cocktail,Industrial,13,5,42.65,Zoozzy,2023-08-14
751,Cheese Cloth No 100,Electronics,77,2,31.21,Katz,2023-10-19
752,Spice - Onion Powder Granulated,Outdoors,46,5,44.04,Youtags,2023-11-25
753,Ecolab Silver Fusion,Home,69,1,45.32,Mita,2023-10-06
754,Thermometer Digital,Books,6,3,3.66,Skilith,2023-06-19
755,Muffin Mix - Banana Nut,Garden,41,5,4,Mybuzz,2023-07-14
756,Cheese - Colby,Computers,76,8,22.02,Skyble,2023-11-11
757,"Chicken - Wings, Tip Off",Kids,81,9,5.62,Quire,2023-09-20
758,Milk - Homo,Grocery,36,5,13.55,Mydo,2023-10-01
759,Mushroom - Portebello,Movies,49,7,44.69,Skippad,2023-10-01
760,Muffin Hinge 117n,Health,81,1,7.03,Devcast,2023-06-10
761,"Doilies - 5, Paper",Games,8,2,18.33,Youopia,2023-06-25
762,Sherry - Dry,Movies,57,4,30.92,Yoveo,2023-07-24
763,Tuna - Bluefin,Computers,89,3,21.43,Jamia,2023-10-20
764,Mustard Prepared,Electronics,85,5,32.17,Shuffletag,2023-07-11
765,"Vinegar - Balsamic, White",Tools,55,3,0.21,Gabcube,2023-09-17
766,Ketchup - Tomato,Health,22,2,29.25,Voonder,2023-11-21
767,"Croissant, Raw - Mini",Baby,55,1,11.8,Wordware,2023-06-04
768,Wine - Magnotta - Cab Sauv,Grocery,96,3,9.99,Bluezoom,2023-09-19
769,Ecolab - Balanced Fusion,Outdoors,52,6,1.74,Mydo,2023-07-05
770,"Wine - Red, Cabernet Merlot",Computers,26,8,44.98,Cogibox,2023-08-30
771,Tandoori Curry Paste,Industrial,55,3,26.59,Mynte,2023-07-06
772,Oil - Avocado,Games,37,10,37.26,Yambee,2023-07-09
773,"Beans - Kidney, Red Dry",Outdoors,30,6,31.31,Edgewire,2023-11-29
774,Petite Baguette,Computers,32,6,46.87,Youbridge,2023-10-24
775,Glucose,Beauty,100,8,36.43,Leenti,2023-11-24
776,Grapefruit - Pink,Music,99,9,5.94,Thoughtbridge,2023-06-10
777,Wine La Vielle Ferme Cote Du,Beauty,94,8,17.76,Dazzlesphere,2023-07-18
778,"Wine - White, Chardonnay",Games,79,7,19.93,Eazzy,2023-11-03
779,"Coffee - Beans, Whole",Outdoors,52,8,40.48,Oba,2023-08-10
780,Cheese - Camembert,Baby,54,8,13.48,Fivespan,2023-06-19
781,Dried Cherries,Shoes,83,9,34.3,Yodel,2023-08-03
782,Cookie Trail Mix,Beauty,38,1,16.22,Bluejam,2023-10-15
783,Wasabi Powder,Tools,90,10,16.69,Realbuzz,2023-10-16
784,"Wine - Cahors Ac 2000, Clos",Jewelry,54,9,29.37,Bubbletube,2023-09-11
785,Table Cloth 53x69 White,Clothing,86,6,9.17,Skilith,2023-08-14
786,Glass - Juice Clear 5oz 55005,Books,68,5,14.97,Buzzster,2023-10-18
787,"Tomatoes - Vine Ripe, Red",Electronics,73,8,5.74,Pixope,2023-06-30
788,"Roe - Lump Fish, Red",Tools,29,10,23.03,Gevee,2023-07-19
789,Tofu - Firm,Toys,13,8,23.16,Centizu,2023-07-26
790,Pastry - French Mini Assorted,Outdoors,10,8,41.45,Quimba,2023-09-12
791,"Nut - Peanut, Roasted",Beauty,24,4,0.93,Feedbug,2023-10-24
792,Cake - Sheet Strawberry,Books,55,9,34.15,Bubblemix,2023-09-09
793,"Pasta - Cappellini, Dry",Music,15,3,29,Babbleblab,2023-07-06
794,Pike - Frozen Fillet,Outdoors,78,4,40.1,Gevee,2023-11-24
795,"Turkey - Whole, Fresh",Movies,92,1,43.11,Buzzster,2023-11-10
796,Cheese - Cottage Cheese,Beauty,23,1,38.56,Jayo,2023-06-18
797,"Beans - Long, Chinese",Home,76,10,9.95,Twimbo,2023-08-02
798,Wine - Casillero Deldiablo,Music,65,9,1.13,Browsezoom,2023-08-17
799,Ecolab - Mikroklene 4/4 L,Outdoors,25,3,5,Dablist,2023-11-16
800,Beef - Short Loin,Shoes,94,5,7.58,Quinu,2023-10-23
801,"Wine - Cahors Ac 2000, Clos",Garden,77,9,29.36,Rhybox,2023-10-19
802,Shrimp - Tiger 21/25,Toys,25,3,43.26,Agimba,2023-09-05
803,Plastic Arrow Stir Stick,Home,5,1,16.96,Zoonoodle,2023-06-04
804,"Wine - Red, Mosaic Zweigelt",Automotive,81,9,6.87,Agimba,2023-08-26
805,"Yogurt - Blueberry, 175 Gr",Outdoors,77,1,20.08,Riffpedia,2023-07-06
806,Wine - Saint Emilion Calvet,Books,89,3,39.91,Yotz,2023-11-03
807,Soup - Base Broth Beef,Movies,35,2,21.91,Trupe,2023-11-16
808,Basil - Fresh,Music,64,10,40.44,Quamba,2023-06-29
809,Trueblue - Blueberry Cranberry,Jewelry,66,3,9.76,Skibox,2023-06-30
810,"Pasta - Lasagne, Fresh",Games,64,3,14.38,Roomm,2023-08-23
811,Broom - Corn,Music,11,6,49.04,Youbridge,2023-10-10
812,Guinea Fowl,Home,97,3,2.68,Tagchat,2023-07-28
813,Appetizer - Cheese Bites,Kids,93,3,33.04,Voolia,2023-07-27
814,Wine - Fontanafredda Barolo,Beauty,31,5,41.31,Pixonyx,2023-11-03
815,"Cheese - Romano, Grated",Health,22,3,48.06,Blognation,2023-06-26
816,Wine - Hardys Bankside Shiraz,Jewelry,21,8,37.75,Dablist,2023-06-09
817,Soup - Boston Clam Chowder,Toys,55,6,23.15,Jaxbean,2023-08-30
818,"Pasta - Penne, Rigate, Dry",Sports,63,1,14.49,Vimbo,2023-11-18
819,Chips - Assorted,Games,56,9,33.97,Realbuzz,2023-10-31
820,Foam Espresso Cup Plain White,Home,72,3,37.45,Janyx,2023-06-17
821,Sage - Fresh,Shoes,14,6,33.99,Edgewire,2023-06-06
822,"Juice - Clamato, 341 Ml",Outdoors,98,1,1.36,Plajo,2023-08-25
823,Sugar - Splenda Sweetener,Sports,54,8,12.82,Bubblebox,2023-07-22
824,"Chicken - Leg, Boneless",Beauty,91,4,40.75,Agivu,2023-10-25
825,Tomatoes - Grape,Sports,39,1,48.51,Bubblemix,2023-08-26
826,Icecream - Dibs,Beauty,6,2,38.99,Twitterbridge,2023-08-16
827,Pepper Squash,Tools,53,9,32.61,Shuffledrive,2023-08-12
828,Tea - Mint,Baby,26,8,47.92,Dablist,2023-07-22
829,Beer - True North Lager,Kids,47,1,33.29,Zazio,2023-06-01
830,"Juice - Pineapple, 341 Ml",Industrial,15,4,7.51,Photobug,2023-11-01
831,Nantucket - Orange Mango Cktl,Baby,81,8,5.41,Quimba,2023-10-01
832,Pastry - French Mini Assorted,Clothing,21,3,13.14,Riffwire,2023-10-18
833,"Mushroom - Trumpet, Dry",Beauty,76,5,11.31,Wikizz,2023-07-10
834,Juice - Lime,Sports,6,8,26.4,Yozio,2023-08-08
835,"Lettuce - Mini Greens, Whole",Grocery,65,8,35.75,Gigaclub,2023-07-08
836,Wine - Semi Dry Riesling Vineland,Jewelry,42,7,28.25,Browseblab,2023-08-09
837,Mushrooms - Honey,Computers,81,4,29.49,Kwideo,2023-09-27
838,Cheese - Cheddar With Claret,Shoes,64,5,29.71,Jaxnation,2023-08-25
839,Wine - Beringer Founders Estate,Garden,22,5,5.43,Trupe,2023-10-02
840,Orange Roughy 4/6 Oz,Beauty,70,5,13.92,Riffpath,2023-10-10
841,Flour - Semolina,Kids,78,2,31.21,Chatterbridge,2023-10-09
842,Chicken Giblets,Computers,19,2,17.35,Yambee,2023-10-07
843,Compound - Passion Fruit,Baby,5,8,13.88,Gabtune,2023-08-02
844,Puree - Passion Fruit,Sports,33,1,29.01,Zoomlounge,2023-06-19
845,Uniform Linen Charge,Outdoors,94,1,30.66,Kare,2023-09-26
846,"Soup - French Onion, Dry",Books,92,1,3.05,Wordify,2023-07-10
847,Macaroons - Two Bite Choc,Industrial,88,7,24.84,Avamm,2023-09-30
848,Flour - Fast / Rapid,Computers,83,4,7.51,Meeveo,2023-08-09
849,Bread - Raisin Walnut Pull,Automotive,19,6,48.89,Aimbo,2023-08-14
850,"Vodka - Hot, Lnferno",Health,89,2,34.56,Dynazzy,2023-10-29
851,Sachet,Kids,57,9,14.27,Kazu,2023-06-15
852,Ginger - Ground,Music,32,7,30.33,Thoughtstorm,2023-07-07
853,Muffin Mix - Carrot,Electronics,2,7,34.05,Youfeed,2023-07-15
854,Spice - Chili Powder Mexican,Industrial,49,10,23.14,Realbridge,2023-06-01
855,Bread - Pumpernickel,Kids,33,9,6.78,Devcast,2023-08-05
856,"Rum - Spiced, Captain Morgan",Outdoors,37,5,42.29,Shufflebeat,2023-10-01
857,Croissants Thaw And Serve,Movies,72,4,2.03,Teklist,2023-11-16
858,Veal - Bones,Sports,5,4,6.26,Leenti,2023-10-31
859,Sugar Thermometer,Beauty,54,3,37.68,Photobean,2023-10-03
860,Tuna - Yellowfin,Games,10,2,34.8,Centidel,2023-06-13
861,Black Currants,Industrial,93,8,39.75,Divavu,2023-10-17
862,Jam - Apricot,Home,64,4,5.16,Browseblab,2023-10-21
863,"Asparagus - White, Canned",Home,22,10,7.95,Eamia,2023-07-12
864,Daikon Radish,Clothing,65,10,7.95,Jaxbean,2023-08-31
865,"Oranges - Navel, 72",Clothing,69,7,21.35,Kanoodle,2023-10-10
866,Cake - Mini Cheesecake,Tools,47,3,26.36,Janyx,2023-07-25
867,Magnotta - Bel Paese White,Movies,35,5,15.98,Youspan,2023-09-22
868,"Veal - Tenderloin, Untrimmed",Baby,19,5,4.94,Jaxspan,2023-06-29
869,Wine - Sicilia Igt Nero Avola,Industrial,53,10,26.57,Blogtag,2023-07-11
870,"Beans - Black Bean, Preserved",Outdoors,45,4,0.58,Skivee,2023-08-18
871,Chips - Assorted,Toys,50,1,14.19,DabZ,2023-07-30
872,Mustard - Dijon,Automotive,41,6,1.75,Oba,2023-07-03
873,Beef - Texas Style Burger,Music,83,8,30.85,Brightbean,2023-06-21
874,Soup - Cream Of Broccoli,Jewelry,91,8,47.83,Blogpad,2023-06-12
875,"Nestea - Ice Tea, Diet",Music,17,1,10.37,Quatz,2023-10-21
876,Juice - Mango,Outdoors,92,10,35.65,Babbleset,2023-08-03
877,Chicken - Tenderloin,Beauty,65,5,10.23,Aimbo,2023-10-19
878,Lettuce - Iceberg,Automotive,69,2,31.56,Browseblab,2023-06-25
879,Flour - Strong,Baby,30,7,24.47,Jabbertype,2023-10-09
880,Rhubarb,Tools,2,2,36.91,Roomm,2023-08-07
881,Dragon Fruit,Sports,14,3,9.63,Twimbo,2023-07-09
882,Ice Cream Bar - Oreo Cone,Computers,31,7,12.97,Tagtune,2023-09-13
883,"Beef - Rib Roast, Cap On",Toys,79,10,40.82,Yotz,2023-08-12
884,Figs,Outdoors,25,9,25.42,Vitz,2023-11-10
885,Pastry - Carrot Muffin - Mini,Toys,93,1,40.9,Feedmix,2023-11-27
886,Flour - All Purpose,Home,47,4,41.21,Feedfish,2023-09-14
887,Onions - Red,Health,5,8,33.02,Jaloo,2023-08-11
888,"Pepper - Chipotle, Canned",Movies,51,6,29.1,Yakitri,2023-10-04
889,Juice - V8 Splash,Computers,59,7,13.41,Twinder,2023-06-23
890,Appetizer - Smoked Salmon / Dill,Health,53,3,26.9,Riffwire,2023-11-08
891,Bread - Malt,Computers,54,1,33.48,Wordtune,2023-06-09
892,Eel Fresh,Music,69,1,47.39,Skinix,2023-07-31
893,Eggplant - Regular,Tools,9,4,14.11,Photospace,2023-09-26
894,Grand Marnier,Beauty,71,6,45.65,Thoughtsphere,2023-09-23
895,Cheese - Gouda Smoked,Kids,60,1,42.36,Mycat,2023-07-30
896,Salt - Table,Jewelry,93,5,34.46,Gabvine,2023-11-11
897,"Peas - Pigeon, Dry",Jewelry,46,8,25.36,Jetwire,2023-10-02
898,Pork - Smoked Kassler,Home,79,3,22.15,Youspan,2023-10-07
899,Lettuce - Lambs Mash,Baby,77,7,29.18,Yadel,2023-10-15
900,"Tomatoes - Plum, Canned",Beauty,30,7,3.89,Kamba,2023-06-24
901,Ecolab - Hobart Washarm End Cap,Kids,97,7,48.93,Photobug,2023-06-06
902,"Tomatoes - Vine Ripe, Red",Toys,37,6,4,Avavee,2023-06-21
903,Soup - Campbells Chili Veg,Shoes,79,2,8.55,Vinte,2023-12-05
904,Cheese Cloth No 100,Baby,97,9,33.48,Babbleopia,2023-10-17
905,Wine - Zonnebloem Pinotage,Music,49,3,0.81,Meembee,2023-09-19
906,Pork - Shoulder,Toys,47,4,37.27,Divape,2023-11-08
907,Eggroll,Home,48,7,9.42,Devpulse,2023-07-25
908,Beer - Guiness,Computers,60,9,20.37,Topiczoom,2023-10-07
909,Mustard - Individual Pkg,Jewelry,79,9,35.52,Oyoloo,2023-06-18
910,"Beans - Long, Chinese",Electronics,40,5,2.82,Fivechat,2023-08-18
911,Calypso - Strawberry Lemonade,Music,86,5,24.33,Wikibox,2023-07-09
912,"Trout - Hot Smkd, Dbl Fillet",Clothing,93,1,3.04,Myworks,2023-10-24
913,Island Oasis - Strawberry,Tools,61,5,21.82,Midel,2023-10-08
914,Oyster - In Shell,Kids,40,10,41.85,Babbleblab,2023-09-14
915,Sauce - Soy Low Sodium - 3.87l,Tools,33,1,49.63,Photobug,2023-09-26
916,Salt - Table,Health,83,3,30.7,Wikivu,2023-06-14
917,Bagel - Ched Chs Presliced,Garden,66,6,41.44,Rhyzio,2023-09-20
918,Soup - Cream Of Broccoli,Toys,32,6,22.36,Twimbo,2023-07-29
919,Potatoes - Idaho 80 Count,Games,71,4,27.52,Oozz,2023-08-08
920,Numi - Assorted Teas,Baby,74,6,12.48,Gigazoom,2023-10-21
921,"Wine - Red, Concha Y Toro",Shoes,82,6,2,Cogidoo,2023-06-12
922,Cake - Cake Sheet Macaroon,Grocery,14,7,15.03,Meejo,2023-11-05
923,Bread - Olive,Home,81,6,38.36,Flipopia,2023-08-05
924,"Soup - Knorr, Classic Can. Chili",Toys,89,4,40.84,Fliptune,2023-10-01
925,Dates,Shoes,76,7,37.89,Yakitri,2023-06-20
926,Cloves - Whole,Games,91,9,3.81,Plajo,2023-12-04
927,Beans - Kidney White,Automotive,51,10,37.61,Edgeify,2023-10-22
928,Wooden Mop Handle,Clothing,29,3,2.21,Fatz,2023-08-29
929,Cranberries - Dry,Games,94,7,36.41,Rhycero,2023-11-26
930,Tea - Vanilla Chai,Grocery,43,4,30.85,Kanoodle,2023-07-01
931,Chocolate - Milk,Baby,27,1,22.8,Chatterpoint,2023-07-13
932,Pastry - Choclate Baked,Movies,10,3,22.62,Browsedrive,2023-08-12
933,Coconut - Whole,Music,52,4,13.64,Devify,2023-11-07
934,"Cheese - Manchego, Spanish",Sports,33,3,35.19,Blogpad,2023-09-04
935,Raspberries - Frozen,Outdoors,29,9,7.63,Gigaclub,2023-08-24
936,Ecolab - Ster Bac,Sports,98,6,4.28,Mycat,2023-11-24
937,Tea - Herbal Orange Spice,Tools,81,6,15.13,Voonder,2023-10-13
938,Juice - Orange 1.89l,Baby,52,5,10.81,Cogilith,2023-11-17
939,Pork - Ground,Toys,81,1,40.18,InnoZ,2023-11-29
940,Lamb - Rack,Garden,26,6,11.42,Voolia,2023-11-18
941,Cream Of Tartar,Computers,92,3,14.81,Skiba,2023-10-17
942,"Pineapple - Canned, Rings",Shoes,42,2,28.57,Feedfish,2023-07-24
943,Beef - Texas Style Burger,Music,59,8,31.85,Yotz,2023-08-23
944,Lid - 16 Oz And 32 Oz,Games,95,5,17.1,Yamia,2023-12-02
945,Ginger - Crystalized,Health,58,9,6.75,Mycat,2023-11-12
946,Vinegar - Balsamic,Beauty,40,7,4.4,Skynoodle,2023-07-15
947,"Pasta - Lasagna, Dry",Tools,18,4,35.09,Katz,2023-07-22
948,Snapple Lemon Tea,Sports,16,3,0.33,Livetube,2023-08-28
949,"Beef - Bones, Marrow",Kids,65,1,31.58,DabZ,2023-09-23
950,Trout - Smoked,Books,55,10,36.02,Wikido,2023-07-19
951,Wine - Cotes Du Rhone,Baby,73,6,23.12,Tanoodle,2023-11-20
952,"Pork - Tenderloin, Frozen",Computers,97,7,30.95,Geba,2023-10-10
953,Wine - Ej Gallo Sierra Valley,Grocery,55,7,19.43,Aimbo,2023-09-03
954,Paper Towel Touchless,Toys,71,2,29.44,Gabtune,2023-06-21
955,Nantucket - Kiwi Berry Cktl.,Music,44,6,24.77,BlogXS,2023-08-24
956,French Pastries,Jewelry,33,7,6.29,Buzzdog,2023-07-23
957,Horseradish - Prepared,Home,2,8,14.8,Devcast,2023-07-31
958,Pie Shell - 5,Games,29,5,23.32,Trilia,2023-10-29
959,Chicken - Livers,Jewelry,57,1,14.14,Babblestorm,2023-09-24
960,"Pork - Loin, Boneless",Garden,2,3,19.68,Thoughtbeat,2023-10-19
961,"Bread - White, Sliced",Outdoors,58,9,22.29,Topicstorm,2023-08-31
962,Salmon - Sockeye Raw,Shoes,78,5,14.07,Zoomdog,2023-07-13
963,"Beans - Navy, Dry",Automotive,26,7,38.22,Quatz,2023-07-31
964,Wine - Sauvignon Blanc Oyster,Books,22,8,12.18,Agimba,2023-09-23
965,Olive - Spread Tapenade,Jewelry,52,1,39.85,Yozio,2023-09-21
966,Shrimp - 31/40,Jewelry,77,3,7.41,Innotype,2023-07-16
967,Olives - Kalamata,Shoes,39,6,27.68,Fivechat,2023-07-24
968,Wine - Duboeuf Beaujolais,Baby,2,2,47.04,Centimia,2023-09-12
969,Squid - U 5,Automotive,47,7,3.03,Eimbee,2023-10-20
970,Mushroom - Porcini Frozen,Beauty,78,7,11.67,Zooxo,2023-10-10
971,"Pasta - Canelloni, Single Serve",Baby,19,2,11.48,Yoveo,2023-07-15
972,Wine - Wyndham Estate Bin 777,Sports,67,9,22.16,Ozu,2023-09-12
973,Pea - Snow,Games,43,6,30.52,Skynoodle,2023-09-07
974,Jack Daniels,Home,59,1,6.66,Ooba,2023-08-05
975,Wine - Puligny Montrachet A.,Automotive,57,10,1.03,Mudo,2023-06-28
976,"Bread - Rolls, Corn",Automotive,20,4,34.46,Quinu,2023-09-19
977,Oil - Sunflower,Shoes,75,9,41.28,Photobean,2023-11-02
978,Mushroom - Portebello,Outdoors,11,7,27.32,Jabberbean,2023-08-29
979,Glove - Cutting,Baby,66,5,21.4,Lajo,2023-06-11
980,Crackers - Graham,Health,62,4,44.27,Brainsphere,2023-08-24
981,Rosemary - Dry,Automotive,5,4,37.98,Thoughtblab,2023-06-17
982,Oil - Olive Bertolli,Tools,59,10,42.88,Oyonder,2023-11-13
983,"Wine - Red, Cooking",Jewelry,31,7,42.03,Feedbug,2023-06-27
984,Sauce - Mint,Beauty,99,9,8.44,Tekfly,2023-09-24
985,Bacardi Mojito,Industrial,78,4,14.87,Trupe,2023-09-11
986,Bay Leaf Ground,Computers,83,2,36.23,Realbridge,2023-09-13
987,Orange Roughy 4/6 Oz,Automotive,14,8,20.45,Jaxbean,2023-08-04
988,"Rum - Dark, Bacardi, Black",Automotive,38,3,5.65,Youtags,2023-10-07
989,Gelatine Leaves - Envelopes,Shoes,84,8,42.18,Blogtags,2023-06-08
990,"Wine - White, French Cross",Industrial,62,8,41.01,Livetube,2023-08-07
991,Crawfish,Sports,22,6,19.05,Einti,2023-12-01
992,"Mushroom - Enoki, Fresh",Baby,82,7,14.07,Yoveo,2023-10-19
993,Energy Drink - Redbull 355ml,Garden,76,1,28.69,Kimia,2023-07-07
994,Wine - Clavet Saint Emilion,Electronics,11,1,9.24,Yoveo,2023-08-02
995,Blue Curacao - Marie Brizard,Clothing,28,2,2.25,Flipbug,2023-08-12
996,"Wine - Red, Gamay Noir",Music,59,7,20.28,Quimm,2023-07-06
997,Apples - Sliced / Wedge,Health,7,9,39.16,Eabox,2023-12-04
998,Wine - Taylors Reserve,Industrial,89,3,46.1,Wordpedia,2023-08-10
999,Nut - Pumpkin Seeds,Outdoors,67,4,14.72,Feedfish,2023-08-27
1000,Coffee Cup 16oz Foam,Games,54,8,26.68,Tagfeed,2023-11-29
